{
  "name": [
    517.5200042724609,
    384.5199890136719
  ],
  "branch": [
    302.52000427246094,
    419.5199890136719
  ],
  "signature1": [
    707.5200042724609,
    477.5199890136719
  ],
  "signature2": [
    423.52000427246094,
    523.5199890136719
  ],
  "activities": [
    497.52000427246094,
    445.5199890136719
  ],
  "rno": [
    713.5200042724609,
    417.5199890136719
  ],
  "signature3": [
    173.52000427246094,
    477.5199890136719
  ]
}